{
  "bundle": "synthetic_baseline",
  "regenerate": "python -m looplab proof-run --backend synthetic --duration 3 --out-dir /tmp/ll_ref_base --seed 42",
  "looplab_version": "0.3.0",
  "e2e_mean": 0.0005304178274441669,
  "e2e_stats": {
    "mean": 0.0005304178274441669,
    "std": 0.0004827433819603762,
    "p50": 0.00029229199935798533,
    "p95": 0.0011389169994799886
  },
  "preprocess_latency_stats": {
    "mean": 5.900153634932146e-05,
    "std": 4.651039858192928e-05,
    "p50": 3.2250000003841706e-05,
    "p95": 0.00013154199950804468
  },
  "features_latency_stats": {
    "mean": 0.00014139123635355976,
    "std": 0.00010857624132335377,
    "p50": 8.149999848683365e-05,
    "p95": 0.0003132499987259507
  },
  "model_latency_stats": {
    "mean": 8.9101572848449e-05,
    "std": 0.00028647258688957813,
    "p50": 3.474999903119169e-05,
    "p95": 0.00014325000120152254
  },
  "policy_latency_stats": {
    "mean": 2.968373638313179e-05,
    "std": 2.3434144181525954e-05,
    "p50": 1.716699989628978e-05,
    "p95": 6.795899935241323e-05
  },
  "task_dispatch_latency_stats": {
    "mean": 0.0001072938816750221,
    "std": 8.505027229598533e-05,
    "p50": 6.433399903471582e-05,
    "p95": 0.00023312499979510903
  },
  "n_pull_chunk": 110,
  "n_policy_done": 110,
  "n_stimulus_intended": 0,
  "n_stimulus_realized": 0
}
